batter,total_runs,balls_faced,total_fours,total_sixes,total_matches,batting_average,strike_rate,boundary_runs
V Kohli,8014,6236,708,273,244,32.84,128.51,4470
S Dhawan,6769,5483,768,153,221,30.63,123.45,3990
RG Sharma,6630,5183,599,281,251,26.41,127.92,4082
DA Warner,6567,4849,663,236,184,35.69,135.43,4068
SK Raina,5536,4177,506,204,200,27.68,132.54,3248
MS Dhoni,5243,3947,363,252,228,23.0,132.84,2964
AB de Villiers,5181,3487,414,253,170,30.48,148.58,3174
CH Gayle,4997,3516,408,359,141,35.44,142.12,3786
RV Uthappa,4954,3927,481,182,197,25.15,126.15,3016
KD Karthik,4843,3687,466,161,233,20.79,131.35,2830
KL Rahul,4689,3578,400,187,122,38.43,131.05,2722
AM Rahane,4642,3858,479,103,171,27.15,120.32,2534
F du Plessis,4571,3435,422,166,138,33.12,133.07,2684
SV Samson,4419,3270,352,206,162,27.28,135.14,2644
AT Rayudu,4348,3490,359,173,185,23.5,124.58,2474
G Gambhir,4217,3524,492,59,151,27.93,119.67,2322
SR Watson,3880,2892,377,190,141,27.52,134.16,2648
MK Pandey,3859,3288,335,111,158,24.42,117.37,2006
SA Yadav,3594,2522,385,130,135,26.62,142.51,2320
JC Buttler,3583,2519,356,161,106,33.8,142.24,2390
KA Pollard,3437,2447,221,224,168,20.46,140.46,2228
RR Pant,3297,2296,298,154,110,29.97,143.6,2116
YK Pathan,3222,2334,263,161,153,21.06,138.05,2018
Shubman Gill,3216,2432,310,95,99,32.48,132.24,1810
Q de Kock,3160,2410,316,123,107,29.53,131.12,2002
SS Iyer,3131,2545,272,113,114,27.46,123.03,1766
RA Jadeja,2959,2378,215,107,180,16.44,124.43,1502
WP Saha,2934,2368,296,87,143,20.52,123.9,1706
DA Miller,2924,2171,207,134,123,23.77,134.68,1632
BB McCullum,2882,2272,293,130,109,26.44,126.85,1952
PA Patel,2848,2442,365,49,136,20.94,116.63,1754
GJ Maxwell,2772,1842,233,160,128,21.66,150.49,1892
Yuvraj Singh,2754,2207,218,149,126,21.86,124.78,1766
V Sehwag,2728,1833,334,106,104,26.23,148.83,1972
MA Agarwal,2669,2081,265,98,121,22.06,128.26,1648
Ishan Kishan,2644,1991,255,119,99,26.71,132.8,1734
N Rana,2636,2015,234,132,101,26.1,130.82,1728
M Vijay,2619,2208,247,91,105,24.94,118.61,1534
HH Pandya,2534,1814,189,137,128,19.8,139.69,1578
SPD Smith,2495,1999,226,60,93,26.83,124.81,1264
SE Marsh,2489,1913,269,78,69,36.07,130.11,1544
AD Russell,2488,1515,171,209,104,23.92,164.22,1938
JH Kallis,2427,2291,255,44,95,25.55,105.94,1284
DR Smith,2385,1803,245,117,88,27.1,132.28,1682
RD Gaikwad,2380,1781,217,91,65,36.62,133.63,1414
SR Tendulkar,2334,2044,296,29,78,29.92,114.19,1358
RA Tripathi,2236,1650,223,84,93,24.04,135.52,1396
R Dravid,2174,1918,269,28,82,26.51,113.35,1244
KS Williamson,2132,1734,187,64,76,28.05,122.95,1132
AJ Finch,2092,1696,214,78,90,23.24,123.35,1324
AC Gilchrist,2069,1555,239,92,80,25.86,133.05,1508
JP Duminy,2029,1680,126,79,75,27.05,120.77,978
MEK Hussey,1977,1648,198,52,58,34.09,119.96,1104
PP Shaw,1892,1321,238,61,79,23.95,143.22,1318
MP Stoinis,1866,1366,150,91,88,21.2,136.6,1146
DPMD Jayawardene,1808,1522,200,40,78,23.18,118.79,1040
N Pooran,1769,1143,113,127,72,24.57,154.77,1214
Mandeep Singh,1706,1418,176,38,97,17.59,120.31,932
MK Tiwary,1695,1489,156,40,83,20.42,113.83,864
KC Sangakkara,1687,1424,195,27,68,24.81,118.47,942
AR Patel,1653,1318,107,79,112,14.76,125.42,902
KH Pandya,1647,1287,144,61,107,15.39,127.97,942
YBK Jaiswal,1607,1095,199,64,52,30.9,146.76,1180
JM Bairstow,1589,1132,166,69,50,31.78,140.37,1078
DJ Bravo,1560,1247,120,66,110,14.18,125.1,876
D Padikkal,1559,1323,170,42,64,24.36,117.84,932
NV Ojha,1554,1360,121,79,94,16.53,114.26,958
SP Narine,1534,984,164,97,106,14.47,155.89,1238
S Dube,1502,1077,86,101,61,24.62,139.46,950
KK Nair,1496,1192,161,39,68,22.0,125.5,878
SS Tiwary,1494,1291,111,50,73,20.47,115.72,744
DJ Hooda,1466,1170,96,61,96,15.27,125.3,750
S Badrinath,1441,1245,154,28,65,22.17,115.74,784
EJG Morgan,1406,1181,112,64,74,19.0,119.05,832
BJ Hodge,1400,1153,122,43,63,22.22,121.42,746
Abhishek Sharma,1377,925,128,73,61,22.57,148.86,950
SC Ganguly,1349,1326,137,42,56,24.09,101.73,800
CA Lynn,1329,974,132,66,42,31.64,136.45,924
VR Iyer,1326,1000,121,61,49,27.06,132.6,850
DJ Hussey,1322,1101,90,60,61,21.67,120.07,720
SO Hetmyer,1243,854,76,82,65,19.12,145.55,796
KM Jadhav,1208,1012,102,40,81,14.91,119.37,648
R Parag,1173,909,84,60,58,20.22,129.04,696
MM Ali,1162,849,95,67,57,20.39,136.87,782
Tilak Varma,1156,830,90,58,38,30.42,139.28,708
TM Dilshan,1153,1047,140,24,50,23.06,110.12,704
IK Pathan,1150,985,88,38,82,14.02,116.75,580
V Shankar,1115,890,80,45,58,19.22,125.28,590
ML Hayden,1107,839,121,44,32,34.59,131.94,748
M Vohra,1083,863,104,43,51,21.24,125.49,674
LMP Simmons,1079,878,109,44,29,37.21,122.89,700
B Sai Sudharsan,1034,770,95,32,25,41.36,134.29,572
LRPL Taylor,1017,847,66,46,54,18.83,120.07,540
R Tewatia,1013,788,84,47,65,15.58,128.55,618
KP Pietersen,1001,758,91,40,36,27.81,132.06,604
MC Henriques,1000,801,87,28,54,18.52,124.84,516
AK Markram,995,787,73,35,42,23.69,126.43,502
H Klaasen,993,613,56,64,32,31.03,161.99,608
Y Venugopal Rao,985,865,77,37,52,18.94,113.87,530
JA Morkel,975,712,61,55,67,14.55,136.94,574
A Symonds,974,781,74,41,36,27.06,124.71,542
CL White,971,774,76,38,45,21.58,125.45,532
LS Livingstone,939,609,66,66,39,24.08,154.19,660
BA Stokes,935,718,81,32,43,21.74,130.22,516
DP Conway,924,669,100,30,22,42.0,138.12,580
RK Singh,893,654,67,46,40,22.32,136.54,544
HH Gibbs,886,837,83,31,36,24.61,105.85,518
SM Curran,883,673,74,37,48,18.4,131.2,518
STR Binny,880,700,66,35,66,13.33,125.71,474
Harbhajan Singh,833,636,79,42,88,9.47,130.97,568
R Ashwin,800,698,61,28,89,8.99,114.61,412
RM Patidar,799,534,51,54,24,33.29,149.63,528
MS Bisla,798,737,93,23,39,20.46,108.28,510
Shakib Al Hasan,795,665,73,21,52,15.29,119.55,418
TM Head,772,458,76,40,25,30.88,168.56,544
ST Jayasuriya,768,573,84,39,30,25.6,134.03,570
P Simran Singh,756,528,78,41,34,22.24,143.18,558
GC Smith,739,691,94,9,29,25.48,106.95,430
JM Sharma,730,501,53,45,36,20.28,145.71,482
AD Mathews,724,599,44,29,41,17.66,120.87,350
C Green,707,472,62,32,28,25.25,149.79,440
TL Suman,676,587,55,26,39,17.33,115.16,376
AM Nayar,672,588,55,20,50,13.44,114.29,340
MR Marsh,665,532,48,38,36,18.47,125.0,420
GJ Bailey,663,552,59,19,36,18.42,120.11,350
TH David,659,417,38,46,35,18.83,158.03,428
E Lewis,654,499,62,36,26,25.15,131.06,464
PD Salt,653,385,74,34,21,31.1,169.61,500
A Badoni,634,505,46,24,35,18.11,125.54,328
PP Chawla,624,580,56,20,86,7.26,107.59,344
CH Morris,618,413,41,35,49,12.61,149.64,374
JJ Roy,614,460,75,21,21,29.24,133.48,426
JD Ryder,604,466,69,19,29,20.83,129.61,390
SN Khan,585,456,63,14,36,16.25,128.29,336
Abdul Samad,579,408,37,36,39,14.85,141.91,364
HM Amla,577,418,60,21,16,36.06,138.04,366
M Shahrukh Khan,553,413,35,37,37,14.95,133.9,362
Rashid Khan,545,355,39,38,58,9.4,153.52,384
CJ Anderson,538,436,40,31,29,18.55,123.39,346
Shahbaz Ahmed,536,467,28,25,37,14.49,114.78,262
RS Bopara,531,468,39,16,22,24.14,113.46,252
JP Faulkner,527,406,36,23,45,11.71,129.8,282
MK Lomror,527,389,33,30,35,15.06,135.48,312
PJ Cummins,515,359,33,34,39,13.21,143.45,336
M Manhas,514,486,43,10,38,13.53,105.76,232
Gurkeerat Singh,511,436,55,11,32,15.97,117.2,286
OA Shah,506,405,34,23,22,23.0,124.94,274
PC Valthaty,505,432,61,20,23,21.96,116.9,364
SW Billings,503,399,40,20,27,18.63,126.07,280
RR Rossouw,473,321,45,25,22,21.5,147.35,330
DT Christian,460,408,23,19,41,11.22,112.75,206
NLTC Perera,424,326,23,26,30,14.13,130.06,248
SA Asnodkar,423,352,56,10,19,22.26,120.17,284
Shashank Singh,423,272,33,25,19,22.26,155.51,282
JR Hopes,417,314,49,11,19,21.95,132.8,262
J Botha,409,364,39,5,28,14.61,112.36,186
T Stubbs,405,239,26,26,17,23.82,169.46,260
LR Shukla,405,358,33,16,33,12.27,113.13,228
AL Menaria,401,367,24,18,23,17.43,109.26,204
MV Boucher,394,318,32,13,23,17.13,123.9,206
CA Pujara,390,403,50,4,22,17.73,96.77,224
Azhar Mahmood,388,311,39,13,21,18.48,124.76,234
A Mishra,381,440,31,5,55,6.93,86.59,154
KR Mayers,379,276,38,22,13,29.15,137.32,284
Washington Sundar,378,341,32,9,38,9.95,110.85,182
DB Ravi Teja,375,325,35,9,25,15.0,115.38,194
S Sohal,368,311,34,18,20,18.4,118.33,244
P Negi,365,301,27,16,35,10.43,121.26,204
Abishek Porel,360,244,37,15,16,22.5,147.54,238
R Powell,360,254,21,28,22,16.36,141.73,252
DJ Mitchell,351,274,28,10,15,23.4,128.1,172
KV Sharma,351,306,20,17,39,9.0,114.71,182
N Wadhera,350,261,32,18,16,21.88,134.1,236
Dhruv Jurel,347,237,29,16,22,15.77,146.41,212
R Bhatia,342,290,24,13,47,7.28,117.93,174
P Kumar,340,323,22,17,57,5.96,105.26,190
AP Tare,339,285,40,11,27,12.56,118.95,226
J Fraser-McGurk,330,150,32,28,9,36.67,220.0,296
JEC Franklin,327,309,25,9,16,20.44,105.83,154
RN ten Doeschate,326,238,26,15,21,15.52,136.97,194
Anuj Rawat,318,276,26,14,21,15.14,115.22,188
R Vinay Kumar,310,289,21,9,42,7.38,107.27,138
SN Thakur,307,228,27,13,35,8.77,134.65,186
B Kumar,306,338,30,3,65,4.71,90.53,138
Lalit Yadav,305,301,27,7,21,14.52,101.33,150
DB Das,304,267,23,16,22,13.82,113.86,188
C de Grandhomme,303,229,18,18,21,14.43,132.31,180
Nithish Kumar Reddy,303,221,15,21,11,27.55,137.1,186
LA Pomersbach,302,251,25,13,16,18.88,120.32,178
UBT Chand,300,314,32,9,20,15.0,95.54,182
DJG Sammy,295,251,15,18,20,14.75,117.53,168
SP Goswami,293,307,32,3,21,13.95,95.44,146
Rahmanullah Gurbaz,289,228,24,19,13,22.23,126.75,210
Y Nagar,285,271,20,9,20,14.25,105.17,134
GH Vihari,284,331,23,1,23,12.35,85.8,98
VVS Laxman,282,271,33,5,20,14.1,104.06,162
B Chipli,280,256,28,7,21,13.33,109.38,154
A Ashish Reddy,280,196,16,15,23,12.17,142.86,154
MJ Lumb,278,198,45,6,12,23.17,140.4,216
PBB Rajapaksa,277,201,22,15,13,21.31,137.81,178
PK Garg,273,247,16,9,19,14.37,110.53,118
MJ Guptill,271,197,24,15,13,20.85,137.56,186
R Sathish,270,236,22,6,24,11.25,114.41,124
JO Holder,259,217,13,18,27,9.59,119.35,160
M Kaif,259,258,22,6,22,11.77,100.39,124
HV Patel,249,214,16,15,37,6.73,116.36,154
Atharva Taide,247,177,27,8,9,27.44,139.55,156
K Gowtham,247,159,15,17,27,9.15,155.35,162
SM Katich,241,191,26,8,11,21.91,126.18,152
BCJ Cutting,238,146,15,19,17,14.0,163.01,174
MD Mishra,237,213,24,8,17,13.94,111.27,144
Harpreet Brar,233,201,19,9,24,9.71,115.92,130
A Manohar,231,181,21,10,15,15.4,127.62,144
D Brevis,230,176,17,16,10,23.0,130.68,164
WG Jacks,230,133,16,18,8,28.75,172.93,172
R Ravindra,222,146,22,12,10,22.2,152.05,160
Mohammad Nabi,221,157,18,12,19,11.63,140.76,144
K Goel,218,239,17,9,16,13.62,91.21,122
AA Jhunjhunwala,217,218,19,5,15,14.47,99.54,106
R Dhawan,210,188,18,7,22,9.55,111.7,114
UT Yadav,208,211,16,9,48,4.33,98.58,118
K Rabada,206,207,16,8,28,7.36,99.52,112
CA Ingram,205,183,22,5,15,13.67,112.02,118
PD Collingwood,203,159,9,13,7,29.0,127.67,114
JC Archer,199,132,11,14,23,8.65,150.76,128
KS Bharat,199,168,12,8,8,24.88,118.45,96
SK Warne,198,219,14,6,27,7.33,90.41,92
JD Unadkat,197,170,16,7,27,7.3,115.88,106
SP Fleming,196,171,27,3,10,19.6,114.62,126
AS Raut,194,172,13,7,16,12.12,112.79,94
BJ Rohrer,193,146,21,5,8,24.12,132.19,114
Salman Butt,193,172,30,2,7,27.57,112.21,132
YV Takawale,192,183,26,3,10,19.2,104.92,122
HC Brook,190,159,23,4,11,17.27,119.5,116
Ashutosh Sharma,189,118,10,15,9,21.0,160.17,130
Bipul Sharma,187,124,11,9,17,11.0,150.81,98
Kuldeep Yadav,183,224,16,3,32,5.72,81.7,82
SD Hope,183,125,12,12,9,20.33,146.4,120
MS Wade,183,185,23,2,14,13.07,98.92,104
FY Fazal,183,179,22,1,11,16.64,102.23,94
Sikandar Raza,182,143,12,8,9,20.22,127.27,96
CR Brathwaite,181,120,10,16,14,12.93,150.83,136
AC Voges,181,143,15,3,7,25.86,126.57,78
S Gopal,180,173,19,2,22,8.18,104.05,88
AB Agarkar,179,160,13,5,18,9.94,111.88,82
MF Maharoof,177,124,12,9,14,12.64,142.74,102
C Munro,177,144,19,8,11,16.09,122.92,124
DH Yagnik,170,142,23,2,17,10.0,119.72,104
Ramandeep Singh,170,106,8,13,13,13.08,160.38,110
CM Gautam,169,158,17,6,13,13.0,106.96,104
MG Johnson,167,168,10,7,28,5.96,99.4,82
DW Steyn,167,163,14,3,33,5.06,102.45,74
MN van Wyk,167,135,19,1,5,33.4,123.7,82
PA Reddy,164,167,15,2,10,16.4,98.2,72
A Raghuvanshi,163,109,16,8,7,23.29,149.54,112
N Jagadeesan,162,155,21,2,10,16.2,104.52,96
MN Samuels,161,174,9,7,14,11.5,92.53,78
RE van der Merwe,159,144,11,8,15,10.6,110.42,92
R McLaren,159,178,14,1,13,12.23,89.33,62
AD Hales,148,119,13,6,6,24.67,124.37,88
D Wiese,148,105,12,7,11,13.45,140.95,90
SM Pollock,147,116,12,8,8,18.38,126.72,96
S Vidyut,145,115,21,3,8,18.12,126.09,102
Sachin Baby,144,123,11,5,11,13.09,117.07,74
N Saini,140,143,16,0,10,14.0,97.9,64
Naman Dhir,140,84,12,10,7,20.0,166.67,108
Anmolpreet Singh,139,117,19,3,9,15.44,118.8,94
S Anirudha,136,121,9,7,12,11.33,112.4,78
SB Styris,131,134,10,3,10,13.1,97.76,58
W Jaffer,130,129,14,3,8,16.25,100.78,74
RD Chahar,129,127,13,5,22,5.86,101.57,82
Kamran Akmal,128,78,13,8,6,21.33,164.1,100
UT Khawaja,127,105,14,3,6,21.17,120.95,74
P Dogra,127,141,4,5,12,10.58,90.07,46
TK Curran,127,108,10,3,10,12.7,117.59,58
SS Prabhudessai,126,113,11,4,10,12.6,111.5,68
M Morkel,126,93,11,5,20,6.3,135.48,74
MC Juneja,125,134,11,1,7,17.86,93.28,50
BB Samantray,125,116,13,2,8,15.62,107.76,64
MM Sharma,124,137,9,4,28,4.43,90.51,60
B Lee,124,102,8,8,19,6.53,121.57,80
Harpreet Singh,123,119,10,3,8,15.38,103.36,58
AB McDonald,123,103,9,4,9,13.67,119.42,60
DL Vettori,121,118,11,2,16,7.56,102.54,56
NK Patel,121,124,14,1,6,20.17,97.58,62
TG Southee,120,108,8,4,19,6.32,111.11,56
AC Blizzard,120,91,21,2,7,17.14,131.87,96
Z Khan,117,141,11,2,27,4.33,82.98,56
Misbah-ul-Haq,117,82,10,6,8,14.62,142.68,76
RJ Harris,117,112,6,3,21,5.57,104.46,42
MW Short,117,99,15,4,6,19.5,118.18,84
KK Cooper,116,70,9,8,12,9.67,165.71,84
DJM Short,115,102,11,5,7,16.43,112.75,74
R Shepherd,115,68,7,10,9,12.78,169.12,88
Aman Hakim Khan,115,109,8,6,10,11.5,105.5,68
M Kartik,113,109,7,1,14,8.07,103.67,34
DJ Harris,111,103,11,5,4,27.75,107.77,74
Mohammed Siraj,109,122,10,4,20,5.45,89.34,64
LJ Wright,106,63,16,3,5,21.2,168.25,82
JDP Oram,106,110,6,5,11,9.64,96.36,54
SE Rutherford,106,107,3,8,9,11.78,99.07,60
MA Starc,105,109,11,0,16,6.56,96.33,44
DS Kulkarni,104,113,7,2,20,5.2,92.04,40
RJ Quiney,103,105,12,3,7,14.71,98.1,66
MS Gony,99,76,6,8,15,6.6,130.26,72
SD Chitnis,99,92,10,2,8,12.38,107.61,52
MJ Clarke,98,96,12,0,6,16.33,102.08,48
CJ Ferguson,98,119,9,0,8,12.25,82.35,36
PN Mankad,97,75,13,2,5,19.4,129.33,64
Arshad Khan,96,67,5,6,6,16.0,143.28,56
JDS Neesham,92,93,6,2,10,9.2,98.92,36
PR Shah,92,97,9,2,9,10.22,94.85,48
DJ Jacobs,92,101,10,4,7,13.14,91.09,64
RT Ponting,91,129,5,2,9,10.11,70.54,32
S Rana,91,82,9,1,8,11.38,110.98,42
AJ Tye,91,79,6,5,13,7.0,115.19,54
AD Nath,90,99,7,2,10,9.0,90.91,40
SL Malinga,88,103,6,5,20,4.4,85.44,54
Iqbal Abdulla,88,86,9,1,13,6.77,102.33,42
AP Majumdar,87,77,7,2,4,21.75,112.99,40
Ankit Sharma,87,69,7,4,10,8.7,126.09,52
MJ McClenaghan,85,73,5,7,20,4.25,116.44,62
TA Boult,83,82,5,3,22,3.77,101.22,38
RE Levi,83,74,10,4,6,13.83,112.16,64
NM Coulter-Nile,82,75,7,4,16,5.12,109.33,52
LA Carseldine,81,71,11,0,5,16.2,114.08,44
Shahid Afridi,81,46,7,6,9,9.0,176.09,64
WPUJC Vaas,81,73,2,3,11,7.36,110.96,26
CJ Jordan,81,81,3,3,12,6.75,100.0,30
DL Chahar,80,61,2,6,12,6.67,131.15,44
RV Patel,80,76,6,2,7,11.43,105.26,36
AD Mascarenhas,79,79,5,1,11,7.18,100.0,26
JR Philippe,78,80,9,1,5,15.6,97.5,42
CR Woakes,78,77,7,2,12,6.5,101.3,40
B Akhil,76,57,5,5,11,6.91,133.33,50
IR Jaggi,76,100,6,0,7,10.86,76.0,24
TR Birt,75,59,9,2,5,15.0,127.12,48
Mohammed Shami,74,82,6,2,23,3.22,90.24,36
RR Sarwan,73,78,6,1,4,18.25,93.59,30
M Klinger,73,78,9,0,4,18.25,93.59,36
PWH de Silva,72,80,7,1,14,5.14,90.0,34
MJ Santner,70,77,4,3,11,6.36,90.91,34
J Suchith,70,62,6,3,9,7.78,112.9,42
AA Bilakhia,69,88,5,0,7,9.86,78.41,20
Vivrant Sharma,69,49,9,2,1,69.0,140.82,48
LH Ferguson,68,48,6,2,7,9.71,141.67,36
JJ Bumrah,68,80,5,1,26,2.62,85.0,26
RR Powar,67,64,6,1,9,7.44,104.69,30
HR Shokeen,66,67,9,0,5,13.2,98.51,36
R Sharma,66,77,5,3,19,3.47,85.71,38
M Jansen,66,71,5,2,12,5.5,92.96,32
WD Parnell,65,86,4,1,13,5.0,75.58,22
KA Jamieson,65,55,5,3,7,9.29,118.18,38
GD Phillips,65,55,3,6,8,8.12,118.18,48
Mohammad Hafeez,64,84,7,2,8,8.0,76.19,40
Anirudh Singh,63,69,6,1,4,15.75,91.3,30
A Flintoff,62,57,5,2,3,20.67,108.77,32
SP Jackson,61,57,5,1,8,7.62,107.02,26
S Aravind,59,59,7,0,10,5.9,100.0,28
MG Bracewell,58,49,6,1,4,14.5,118.37,30
I Sharma,57,71,4,2,21,2.71,80.28,28
Vishnu Vinod,56,58,3,3,6,9.33,96.55,30
WA Mota,56,76,2,0,8,7.0,73.68,8
M Rawat,55,70,4,1,11,5.0,78.57,22
Sandeep Sharma,54,73,4,0,25,2.16,73.97,16
DJ Willey,53,64,7,0,5,10.6,82.81,28
A Chopra,53,75,7,0,6,8.83,70.67,28
Shoaib Malik,52,49,5,0,5,10.4,106.12,20
RP Singh,52,78,2,1,28,1.86,66.67,14
OF Smith,51,50,1,5,6,8.5,102.0,34
R Rampaul,51,52,3,2,7,7.29,98.08,24
Sameer Rizvi,51,43,4,2,5,10.2,118.6,28
KB Arun Karthik,51,53,4,1,8,6.38,96.23,22
Swapnil Singh,51,46,3,3,9,5.67,110.87,30
Shivam Mavi,51,58,4,2,11,4.64,87.93,28
VR Aaron,50,73,2,2,12,4.17,68.49,20
RV Gomez,50,53,5,1,9,5.56,94.34,26
SB Bangar,49,58,1,3,7,7.0,84.48,22
AG Paunikar,49,61,9,0,5,9.8,80.33,36
AS Yadav,49,40,5,2,6,8.17,122.5,32
A Nortje,49,51,6,0,13,3.77,96.08,24
T Kohler-Cadmore,48,54,7,1,3,16.0,88.89,34
M Markande,48,44,5,1,10,4.8,109.09,26
Yashpal Singh,47,67,5,0,4,11.75,70.15,20
D Pretorius,44,28,3,3,5,8.8,157.14,30
DR Sams,44,48,1,3,13,3.38,91.67,22
Sunny Singh,43,31,6,1,5,8.6,138.71,30
PVD Chameera,43,32,3,3,7,6.14,134.38,30
AB Barath,42,43,5,1,3,14.0,97.67,26
Azmatullah Omarzai,42,34,2,2,4,10.5,123.53,20
SK Trivedi,42,61,3,1,14,3.0,68.85,18
A Nehra,41,63,3,1,17,2.41,65.08,18
Avesh Khan,41,25,3,3,9,4.56,164.0,30
BR Dunk,40,36,7,0,3,13.33,111.11,28
J Yadav,40,38,2,1,4,10.0,105.26,14
Rasikh Salam,40,40,5,0,6,6.67,100.0,20
LPC Silva,40,27,5,1,3,13.33,148.15,26
DJ Thornely,39,54,2,2,4,9.75,72.22,20
Umar Gul,39,19,1,5,4,9.75,205.26,34
AUK Pathan,39,26,5,2,7,5.57,150.0,32
MM Patel,39,41,5,0,12,3.25,95.12,20
S Nadeem,39,88,2,0,20,1.95,44.32,8
YS Chahal,37,89,0,0,17,2.18,41.57,0
S Narwal,37,29,6,0,4,9.25,127.59,24
Sohail Tanvir,36,31,3,1,5,7.2,116.13,18
Joginder Sharma,36,30,1,2,5,7.2,120.0,16
L Balaji,36,50,2,1,13,2.77,72.0,14
KW Richardson,36,39,2,1,4,9.0,92.31,14
AN Ahmed,36,27,4,1,6,6.0,133.33,22
Anureet Singh,36,47,2,1,8,4.5,76.6,14
M Ashwin,35,50,2,1,12,2.92,70.0,14
B Sumanth,35,38,3,0,4,8.75,92.11,12
A Kumble,35,49,3,0,15,2.33,71.43,12
L Ronchi,34,37,6,1,5,6.8,91.89,30
S Sreesanth,34,57,6,0,12,2.83,59.65,24
AP Dole,34,23,3,1,2,17.0,147.83,18
A Mithun,34,26,4,1,6,5.67,130.77,22
Imran Tahir,33,37,5,0,8,4.12,89.19,20
Navdeep Saini,33,38,3,0,7,4.71,86.84,12
D Salunkhe,33,24,5,0,3,11.0,137.5,20
SB Dubey,33,21,3,2,3,11.0,157.14,24
Basil Thampi,32,37,1,1,7,4.57,86.49,10
AT Carey,32,29,0,1,3,10.67,110.34,6
RJ Peterson,32,32,3,1,5,6.4,100.0,18
Ravi Bishnoi,32,52,2,0,14,2.29,61.54,8
NS Naik,31,53,2,0,4,7.75,58.49,8
S Sriram,31,38,3,0,2,15.5,81.58,12
T Taibu,31,26,3,0,3,10.33,119.23,12
J Syed Mohammad,29,27,4,0,5,5.8,107.41,16
Arshdeep Singh,29,42,4,0,11,2.64,69.05,16
VH Zol,29,26,3,1,2,14.5,111.54,18
SB Jakati,28,30,3,0,5,5.6,93.33,12
AS Joseph,27,32,3,0,5,5.4,84.38,12
PJ Sangwan,26,47,1,0,14,1.86,55.32,4
AB Dinda,26,50,2,0,16,1.62,52.0,8
NL McCullum,26,23,0,1,2,13.0,113.04,6
TL Seifert,26,26,4,0,3,8.67,100.0,16
JM Kemp,26,25,1,1,2,13.0,104.0,10
DJ Malan,26,26,1,1,1,26.0,100.0,10
AS Rajpoot,26,41,2,1,7,3.71,63.41,14
AS Roy,26,24,3,0,6,4.33,108.33,12
MD Shanaka,26,26,2,1,3,8.67,100.0,14
Mohsin Khan,25,27,2,1,5,5.0,92.59,14
CV Varun,25,49,2,0,10,2.5,51.02,8
S Chanderpaul,25,33,4,0,3,8.33,75.76,16
A Choudhary,25,20,1,1,3,8.33,125.0,10
Sanvir Singh,25,22,2,1,5,5.0,113.64,14
ER Dwivedi,24,15,2,2,2,12.0,160.0,20
Tanush Kotian,24,32,3,0,1,24.0,75.0,12
AJ Turner,24,31,0,2,6,4.0,77.42,12
KC Cariappa,24,21,0,2,5,4.8,114.29,12
MA Khote,24,22,2,1,3,8.0,109.09,14
Umran Malik,23,16,1,2,5,4.6,143.75,16
P Dubey,23,33,2,0,2,11.5,69.7,8
AF Milne,23,31,0,1,6,3.83,74.19,6
J Arunkumar,23,24,5,0,3,7.67,95.83,20
BMAJ Mendis,23,27,0,0,3,7.67,85.19,0
SW Tait,23,26,1,1,5,4.6,88.46,10
SA Abbott,22,18,1,2,3,7.33,122.22,16
HE van der Dussen,22,25,2,0,3,7.33,88.0,8
AU Rashid,22,17,2,1,2,11.0,129.41,14
GB Hogg,22,22,1,0,4,5.5,100.0,4
KL Nagarkoti,22,34,1,0,7,3.14,64.71,4
Yudhvir Singh,22,16,1,2,4,5.5,137.5,16
TU Deshpande,21,15,2,1,4,5.25,140.0,14
DE Bollinger,21,23,1,1,4,5.25,91.3,10
B Indrajith,21,31,2,0,3,7.0,67.74,8
C Sakariya,20,31,3,0,7,2.86,64.52,12
AC Thomas,20,19,1,1,4,5.0,105.26,10
NJ Maddinson,20,21,4,0,3,6.67,95.24,16
M Muralitharan,20,30,1,0,9,2.22,66.67,4
S Kaul,20,36,1,0,9,2.22,55.56,4
RR Raje,20,18,1,1,5,4.0,111.11,10
NT Ellis,19,26,0,1,5,3.8,73.08,6
Gulbadin Naib,19,15,1,1,1,19.0,126.67,10
P Ray Barman,19,25,2,0,1,19.0,76.0,8
Y Gnaneswara Rao,19,18,3,0,1,19.0,105.56,12
Akash Deep,19,12,2,1,3,6.33,158.33,14
R Shukla,19,23,2,0,4,4.75,82.61,8
R Bishnoi,19,17,1,2,3,6.33,111.76,16
DR Martyn,19,26,1,0,1,19.0,73.08,4
P Sahu,19,13,1,1,2,9.5,146.15,10
JR Hazlewood,19,29,1,0,6,3.17,65.52,4
A Mukund,19,23,1,0,2,9.5,82.61,4
Harmeet Singh,18,12,3,0,4,4.5,150.0,12
Naveen-ul-Haq,18,26,2,0,4,4.5,69.23,8
DS Lehmann,18,19,3,0,2,9.0,94.74,12
PV Tambe,18,39,1,0,6,3.0,46.15,4
Saurav Chauhan,18,16,1,1,3,6.0,112.5,10
JJ van der Wath,18,17,1,1,3,6.0,105.88,10
KMA Paul,18,26,1,1,5,3.6,69.23,10
T Banton,18,22,1,1,2,9.0,81.82,10
Sumit Kumar,18,26,2,1,3,6.0,69.23,14
BJ Haddin,18,11,2,1,1,18.0,163.64,14
Parvez Rasool,17,20,1,0,4,4.25,85.0,4
JA Richardson,17,27,2,0,3,5.67,62.96,8
YV Dhull,16,23,1,0,3,5.33,69.57,4
AJ Hosein,16,11,1,1,1,16.0,145.45,10
CK Kapugedera,16,24,0,0,3,5.33,66.67,0
KS Sharma,16,25,1,0,3,5.33,64.0,4
PP Ojha,16,45,0,0,19,0.84,35.56,0
VY Mahesh,15,28,0,0,5,3.0,53.57,0
GR Napier,15,16,1,0,1,15.0,93.75,4
SD Lad,15,13,1,1,1,15.0,115.38,10
JL Pattinson,15,13,2,0,2,7.5,115.38,8
A Zampa,15,25,1,0,5,3.0,60.0,4
I Udana,15,11,1,1,4,3.75,136.36,10
Virat Singh,15,26,1,0,2,7.5,57.69,4
C Madan,15,21,3,0,1,15.0,71.43,12
Vijaykumar Vyshak,14,13,0,1,4,3.5,107.69,6
F Behardien,14,13,2,0,3,4.67,107.69,8
MDKJ Perera,14,13,3,0,2,7.0,107.69,12
FA Allen,14,19,1,0,3,4.67,73.68,4
G Coetzee,14,22,0,1,5,2.8,63.64,6
Kartik Tyagi,13,16,1,0,6,2.17,81.25,4
R Sai Kishore,13,6,0,2,1,13.0,216.67,12
DT Patil,13,13,1,0,2,6.5,100.0,4
Arjun Tendulkar,13,9,0,1,1,13.0,144.44,6
S Badree,13,25,0,0,5,2.6,52.0,0
KJ Abbott,13,8,0,1,3,4.33,162.5,6
Mustafizur Rahman,13,23,0,1,6,2.17,56.52,6
DR Shorey,13,20,0,1,2,6.5,65.0,6
Noor Ahmad,13,18,2,0,5,2.6,72.22,8
T Thushara,12,19,0,0,4,3.0,63.16,0
MA Wood,12,10,1,1,3,4.0,120.0,10
Mujeeb Ur Rahman,12,15,2,0,6,2.0,80.0,8
AA Chavan,12,11,2,0,3,4.0,109.09,8
AR Bawne,12,12,1,0,1,12.0,100.0,4
DAJ Bracewell,12,9,1,0,1,12.0,133.33,4
K Upadhyay,12,9,0,1,2,6.0,133.33,6
DG Nalkande,12,12,0,1,2,6.0,100.0,6
Karanveer Singh,12,17,1,0,4,3.0,70.59,4
RA Bawa,11,14,1,0,2,5.5,78.57,4
M Ntini,11,19,2,0,2,5.5,57.89,8
T Henderson,11,16,0,1,2,5.5,68.75,6
T Kohli,11,20,0,1,3,3.67,55.0,6
DNT Zoysa,11,9,1,0,2,5.5,122.22,4
TD Paine,10,29,0,0,2,5.0,34.48,0
SMSM Senanayake,10,17,0,0,4,2.5,58.82,0
X Thalaivan Sargunam,10,17,0,0,1,10.0,58.82,0
KAJ Roach,10,9,1,0,1,10.0,111.11,4
Mukesh Kumar,10,20,0,0,5,2.0,50.0,0
AG Murtaza,10,14,1,0,3,3.33,71.43,4
JE Root,10,15,1,0,1,10.0,66.67,4
J Theron,10,13,1,0,4,2.5,76.92,4
RK Bhui,10,27,0,0,4,2.5,37.04,0
BB Sran,10,14,0,0,7,1.43,71.43,0
D du Preez,10,13,0,0,1,10.0,76.92,0
AA Noffke,9,12,1,0,1,9.0,75.0,4
AA Kulkarni,9,8,2,0,2,4.5,112.5,8
L Wood,9,3,0,1,1,9.0,300.0,6
SM Harwood,9,14,0,0,2,4.5,64.29,0
M Prasidh Krishna,9,24,0,0,7,1.29,37.5,0
K Kartikeya,9,13,1,0,2,4.5,69.23,4
VG Arora,9,17,0,0,7,1.29,52.94,0
TS Mills,8,14,0,1,5,1.6,57.14,6
TM Srivastava,8,11,0,0,3,2.67,72.73,0
P Chopra,8,6,2,0,1,8.0,133.33,8
Jaskaran Singh,8,11,0,0,4,2.0,72.73,0
OC McCoy,8,5,0,1,1,8.0,160.0,6
CJ McKay,8,15,0,0,1,8.0,53.33,0
JPR Scantlebury-Searles,8,6,0,1,2,4.0,133.33,6
CK Langeveldt,8,9,0,1,2,4.0,88.89,6
D Ferreira,8,11,0,0,2,4.0,72.73,0
UA Birla,7,15,1,0,1,7.0,46.67,4
Simarjeet Singh,7,8,0,0,3,2.33,87.5,0
Pankaj Singh,7,12,0,0,5,1.4,58.33,0
M Theekshana,7,7,0,1,2,3.5,100.0,6
AN Ghosh,7,8,1,0,2,3.5,87.5,4
Ankit Soni,7,9,0,1,3,2.33,77.78,6
I Malhotra,7,4,1,0,1,7.0,175.0,4
IS Sodhi,7,18,0,0,2,3.5,38.89,0
VS Malik,7,7,1,0,2,3.5,100.0,4
V Viyaskanth,7,5,0,0,1,7.0,140.0,0
SB Joshi,6,16,0,0,2,3.0,37.5,0
SH Johnson,6,7,1,0,3,2.0,85.71,4
SS Shaikh,6,7,1,0,1,6.0,85.71,4
BA Bhatt,6,7,0,1,2,3.0,85.71,6
JP Behrendorff,6,9,0,0,2,3.0,66.67,0
PSP Handscomb,6,12,0,0,1,6.0,50.0,0
Mukesh Choudhary,6,6,1,0,2,3.0,100.0,4
DM Bravo,6,5,1,0,1,6.0,120.0,4
B Laughlin,5,13,0,0,4,1.25,38.46,0
Arshad Khan (2),5,4,1,0,1,5.0,125.0,4
Shivam Sharma,5,3,1,0,2,2.5,166.67,4
P Awana,5,14,0,0,5,1.0,35.71,0
B Stanlake,5,2,1,0,1,5.0,250.0,4
KMDN Kulasekara,5,3,1,0,1,5.0,166.67,4
SJ Srivastava,5,5,0,0,4,1.25,100.0,0
Akash Madhwal,4,5,0,0,1,4.0,80.0,0
GD McGrath,4,5,1,0,2,2.0,80.0,4
A Chandila,4,7,0,0,2,2.0,57.14,0
A Tomar,4,8,1,0,1,4.0,50.0,4
DP Nannes,4,13,0,0,2,2.0,30.77,0
RS Sodhi,4,2,1,0,1,4.0,200.0,4
FH Edwards,4,5,0,0,2,2.0,80.0,0
CRD Fernando,4,3,0,0,2,2.0,133.33,0
Liton Das,4,4,1,0,1,4.0,100.0,4
A Uniyal,4,7,0,0,2,2.0,57.14,0
VRV Singh,4,3,1,0,2,2.0,133.33,4
A Dananjaya,4,5,0,0,1,4.0,80.0,0
GC Viljoen,3,7,0,0,3,1.0,42.86,0
Fazalhaq Farooqi,3,13,0,0,2,1.5,23.08,0
Younis Khan,3,7,0,0,1,3.0,42.86,0
T Natarajan,3,5,0,0,2,1.5,60.0,0
BAW Mendis,3,6,0,0,3,1.0,50.0,0
JE Taylor,3,4,0,0,2,1.5,75.0,0
Kamran Khan,3,5,0,0,1,3.0,60.0,0
S Tyagi,3,4,0,0,1,3.0,75.0,0
Kumar Kushagra,3,7,0,0,3,1.0,42.86,0
R Ninan,3,6,0,0,1,3.0,50.0,0
RJW Topley,3,6,0,0,1,3.0,50.0,0
Mohammad Asif,3,6,0,0,2,1.5,50.0,0
D Kalyankrishna,3,8,0,0,1,3.0,37.5,0
A Singh,2,10,0,0,5,0.4,20.0,0
RJ Gleeson,2,2,0,0,1,2.0,100.0,0
Mashrafe Mortaza,2,2,0,0,1,2.0,100.0,0
T Shamsi,2,4,0,0,1,2.0,50.0,0
BR Sharath,2,5,0,0,1,2.0,40.0,0
Mohammad Ashraful,2,12,0,0,1,2.0,16.67,0
RG More,2,2,0,0,1,2.0,100.0,0
Shoaib Akhtar,2,8,0,0,1,2.0,25.0,0
Shivam Singh,2,3,0,0,1,2.0,66.67,0
GHS Garton,2,4,0,0,2,1.0,50.0,0
H Das,2,5,0,0,1,2.0,40.0,0
Harshit Rana,2,3,0,0,3,0.67,66.67,0
A Kamboj,2,2,0,0,1,2.0,100.0,0
VS Yeligati,2,2,0,0,1,2.0,100.0,0
SB Wagh,2,3,0,0,2,1.0,66.67,0
S Randiv,2,4,0,0,1,2.0,50.0,0
RS Gavaskar,2,8,0,0,1,2.0,25.0,0
KP Appanna,2,4,0,0,3,0.67,50.0,0
PM Sarvesh Kumar,1,2,0,0,1,1.0,50.0,0
LB Williams,1,2,0,0,1,1.0,50.0,0
LE Plunkett,1,3,0,0,2,0.5,33.33,0
HF Gurney,1,5,0,0,1,1.0,20.0,0
DJ Muthuswami,1,3,0,0,1,1.0,33.33,0
Abdul Basith,1,1,0,0,1,1.0,100.0,0
M de Lange,1,2,0,0,1,1.0,50.0,0
Mohit Rathee,1,2,0,0,1,1.0,50.0,0
SE Bond,1,2,0,0,1,1.0,50.0,0
KA Maharaj,1,2,0,0,1,1.0,50.0,0
KK Ahmed,1,7,0,0,5,0.2,14.29,0
MJ Suthar,1,2,0,0,1,1.0,50.0,0
Shoaib Ahmed,1,6,0,0,3,0.33,16.67,0
SZ Mulani,1,1,0,0,1,1.0,100.0,0
DP Vijaykumar,1,1,0,0,1,1.0,100.0,0
BE Hendricks,1,3,0,0,2,0.5,33.33,0
NJ Rimmington,1,1,0,0,1,1.0,100.0,0
P Parameswaran,1,3,0,0,2,0.5,33.33,0
S Lamichhane,0,1,0,0,1,0.0,0.0,0
Abdur Razzak,0,2,0,0,1,0.0,0.0,0
IC Pandey,0,2,0,0,1,0.0,0.0,0
L Ablish,0,2,0,0,1,0.0,0.0,0
YA Abdulla,0,1,0,0,1,0.0,0.0,0
Y Prithvi Raj,0,1,0,0,1,0.0,0.0,0
U Kaul,0,1,0,0,1,0.0,0.0,0
R Sanjay Yadav,0,2,0,0,1,0.0,0.0,0
RP Meredith,0,3,0,0,2,0.0,0.0,0
RR Bhatkal,0,2,0,0,1,0.0,0.0,0
S Kaushik,0,1,0,0,1,0.0,0.0,0
K Yadav,0,4,0,0,1,0.0,0.0,0
SS Cottrell,0,2,0,0,1,0.0,0.0,0
S Ladda,0,10,0,0,2,0.0,0.0,0
KR Sen,0,3,0,0,1,0.0,0.0,0
Mayank Dagar,0,1,0,0,1,0.0,0.0,0
Sunny Gupta,0,1,0,0,1,0.0,0.0,0
KM Asif,0,2,0,0,1,0.0,0.0,0
JL Denly,0,1,0,0,1,0.0,0.0,0
ND Doshi,0,13,0,0,1,0.0,0.0,0
C Nanda,0,1,0,0,1,0.0,0.0,0
Yash Dayal,0,1,0,0,1,0.0,0.0,0
V Pratap Singh,0,1,0,0,1,0.0,0.0,0
