bowler,balls_bowled,runs_conceded,dot_balls,total_wickets,economy_rate,bowling_strike_rate
YS Chahal,3628,4681,1194,205,7.74,17.7
PP Chawla,3895,5179,1325,192,7.98,20.29
DJ Bravo,3296,4436,998,183,8.08,18.01
B Kumar,4060,5051,1632,181,7.46,22.43
SP Narine,4146,4672,1569,180,6.76,23.03
R Ashwin,4679,5435,1552,180,6.97,25.99
A Mishra,3444,4193,1185,174,7.3,19.79
SL Malinga,2974,3486,1144,170,7.03,17.49
JJ Bumrah,3185,3840,1228,168,7.23,18.96
RA Jadeja,3895,4917,1216,160,7.57,24.34
Harbhajan Singh,3496,4101,1263,150,7.04,23.31
Rashid Khan,2901,3340,1060,149,6.91,19.47
UT Yadav,3190,4442,1186,144,8.35,22.15
Sandeep Sharma,2925,3758,1122,137,7.71,21.35
HV Patel,2284,3215,710,135,8.45,16.92
MM Sharma,2308,3278,782,132,8.52,17.48
Mohammed Shami,2521,3486,984,127,8.3,19.85
AR Patel,3152,3824,1021,123,7.28,25.63
TA Boult,2428,3286,986,121,8.12,20.07
K Rabada,1907,2652,717,120,8.34,15.89
AD Russell,1771,2691,584,115,9.12,15.4
A Nehra,1974,2537,798,106,7.71,18.62
R Vinay Kumar,2186,3041,763,105,8.35,20.82
Z Khan,2276,2860,873,102,7.54,22.31
JD Unadkat,2194,3219,684,99,8.8,22.16
DW Steyn,2282,2583,1019,97,6.79,23.53
CH Morris,1801,2377,668,96,7.92,18.76
SN Thakur,1979,2908,639,94,8.82,21.05
Mohammed Siraj,2081,2894,806,93,8.34,22.38
I Sharma,2429,3255,969,92,8.04,26.4
SR Watson,2137,2742,803,92,7.7,23.23
P Kumar,2637,3342,1075,90,7.6,29.3
RP Singh,1874,2417,744,90,7.74,20.82
PP Ojha,1945,2399,667,89,7.4,21.85
Kuldeep Yadav,1786,2413,520,87,8.11,20.53
DS Kulkarni,1876,2513,742,86,8.04,21.81
JA Morkel,1807,2409,646,85,8.0,21.26
CV Varun,1624,2042,582,83,7.54,19.57
Imran Tahir,1340,1729,437,82,7.74,16.34
IK Pathan,2113,2711,835,80,7.7,26.41
DL Chahar,1746,2243,708,77,7.71,22.68
M Morkel,1699,2136,708,77,7.54,22.06
KH Pandya,2183,2644,676,76,7.27,28.72
KV Sharma,1520,2130,483,76,8.41,20.0
Arshdeep Singh,1453,2097,472,76,8.66,19.12
L Balaji,1574,2083,537,76,7.94,20.71
Avesh Khan,1390,2010,491,75,8.68,18.53
RD Chahar,1697,2165,574,75,7.65,22.63
KK Ahmed,1345,1918,512,74,8.56,18.18
MM Patel,1382,1733,590,74,7.52,18.68
MJ McClenaghan,1346,1839,507,71,8.2,18.96
R Bhatia,1661,2059,436,71,7.44,23.39
KA Pollard,1586,2200,405,69,8.32,22.99
AB Dinda,1589,2103,627,69,7.94,23.03
T Natarajan,1401,2001,418,67,8.57,20.91
SK Trivedi,1557,1944,492,65,7.49,23.95
JH Kallis,1799,2348,601,65,7.83,27.68
HH Pandya,1485,2196,481,64,8.87,23.2
M Muralitharan,1581,1765,600,64,6.7,24.7
Ravi Bishnoi,1460,1861,492,63,7.65,23.17
Shakib Al Hasan,1515,1864,504,63,7.38,24.05
PJ Cummins,1370,1976,467,63,8.65,21.75
MG Johnson,1301,1740,535,62,8.02,20.98
JP Faulkner,1287,1849,399,61,8.62,21.1
Mustafizur Rahman,1353,1792,464,61,7.95,22.18
A Nortje,1097,1614,401,60,8.83,18.28
S Kaul,1238,1772,387,58,8.59,21.34
SM Curran,1234,1924,378,58,9.35,21.28
SK Warne,1223,1465,426,57,7.19,21.46
JO Holder,1049,1489,321,53,8.52,19.79
S Gopal,1000,1358,317,52,8.15,19.23
MA Starc,879,1175,334,51,8.02,17.24
M Prasidh Krishna,1231,1741,475,50,8.49,24.62
NM Coulter-Nile,892,1125,368,48,7.57,18.58
LH Ferguson,1002,1451,351,48,8.69,20.88
S Nadeem,1444,1800,453,48,7.48,30.08
JC Archer,987,1210,420,48,7.36,20.56
TG Southee,1262,1774,447,47,8.43,26.85
SB Jakati,1101,1474,337,47,8.03,23.43
RJ Harris,865,1085,364,45,7.53,19.22
A Kumble,983,1089,374,45,6.65,21.84
S Aravind,788,1057,290,45,8.05,17.51
VR Aaron,1065,1527,387,44,8.6,24.2
MP Stoinis,831,1300,219,43,9.39,19.33
YK Pathan,1184,1443,393,42,7.31,28.19
MC Henriques,979,1302,306,42,7.98,23.31
AJ Tye,714,1005,208,42,8.45,17.0
TU Deshpande,831,1275,284,42,9.21,19.79
Iqbal Abdulla,943,1125,331,40,7.16,23.58
R Sharma,935,1100,334,40,7.06,23.38
S Sreesanth,947,1221,399,40,7.74,23.68
P Awana,774,1046,293,39,8.11,19.85
DT Christian,922,1218,296,38,7.93,24.26
PJ Sangwan,905,1267,319,38,8.4,23.82
MS Gony,925,1317,348,37,8.54,25.0
GJ Maxwell,965,1311,301,37,8.15,26.08
Washington Sundar,1064,1335,356,37,7.53,28.76
DE Bollinger,600,716,254,37,7.16,16.22
M Markande,737,1081,210,37,8.8,19.92
MR Marsh,593,803,181,37,8.12,16.03
Yuvraj Singh,882,1091,258,36,7.42,24.5
MM Ali,770,900,266,35,7.01,22.0
JR Hazlewood,622,830,259,35,8.01,17.77
PWH de Silva,557,758,202,35,8.17,15.91
M Ashwin,898,1182,283,35,7.9,25.66
WD Parnell,758,968,296,35,7.66,21.66
M Pathirana,503,617,160,34,7.36,14.79
P Negi,733,954,237,34,7.81,21.56
KK Cooper,600,789,184,33,7.89,18.18
R Tewatia,866,1117,264,32,7.74,27.06
NLTC Perera,715,1031,227,31,8.65,23.06
M Kartik,1182,1418,382,31,7.2,38.13
CR Woakes,463,674,161,30,8.73,15.43
Shivam Mavi,687,958,254,30,8.37,22.9
CJ Jordan,717,1111,206,30,9.3,23.9
Umran Malik,519,785,205,29,9.08,17.9
Azhar Mahmood,552,707,199,29,7.68,19.03
A Zampa,425,562,129,29,7.93,14.66
AB Agarkar,820,1174,254,29,8.59,28.28
Yash Dayal,615,933,216,28,9.1,21.96
DL Vettori,785,894,270,28,6.83,28.04
DP Nannes,689,815,285,28,7.1,24.61
A Singh,486,639,189,28,7.89,17.36
PV Tambe,674,866,204,28,7.71,24.07
BA Stokes,723,1023,228,28,8.49,25.82
Mohsin Khan,507,698,209,27,8.26,18.78
MF Maharoof,441,532,165,27,7.24,16.33
AD Mathews,807,1095,224,27,8.14,29.89
Harmeet Singh,574,747,201,27,7.81,21.26
DR Smith,557,825,168,26,8.89,21.42
R Dhawan,693,922,205,25,7.98,27.72
Harpreet Brar,692,907,229,25,7.86,27.68
Harshit Rana,403,590,148,25,8.78,16.12
J Botha,709,818,254,25,6.92,28.36
L Ngidi,342,460,131,25,8.07,13.68
Naveen-ul-Haq,407,602,133,25,8.87,16.28
Mukesh Kumar,420,707,130,25,10.1,16.8
B Lee,916,1126,374,25,7.38,36.64
SK Raina,930,1139,280,25,7.35,37.2
M Theekshana,631,814,190,25,7.74,25.24
AS Rajpoot,567,844,192,24,8.93,23.62
Yash Thakur,432,702,128,24,9.75,18.0
Navdeep Saini,682,968,272,24,8.52,28.42
Noor Ahmad,513,672,171,24,7.86,21.38
SW Tait,534,668,200,23,7.51,23.22
GB Hogg,466,585,159,23,7.53,20.26
JP Duminy,701,847,234,23,7.25,30.48
Basil Thampi,539,862,152,22,9.6,24.5
BW Hilfenhaus,390,497,173,22,7.65,17.73
Sohail Tanvir,265,275,121,22,6.23,12.05
STR Binny,611,763,199,22,7.49,27.77
Shahbaz Ahmed,549,850,142,21,9.29,26.14
VY Mahesh,359,511,120,21,8.54,17.1
RE van der Merwe,455,515,148,21,6.79,21.67
AS Joseph,454,707,162,21,9.34,21.62
K Gowtham,599,825,206,21,8.26,28.52
M Jansen,487,732,176,20,9.02,24.35
Akash Madhwal,279,431,83,20,9.27,13.95
A Symonds,540,694,190,20,7.71,27.0
C Sakariya,460,610,143,20,7.96,23.0
AD Mascarenhas,310,365,124,19,7.06,16.32
Mujeeb Ur Rahman,452,598,147,19,7.94,23.79
VG Arora,418,598,144,19,8.58,22.0
J Suchith,434,604,140,19,8.35,22.84
KW Richardson,345,479,129,19,8.33,18.16
RP Meredith,415,621,147,19,8.98,21.84
JP Behrendorff,379,563,139,19,8.91,19.95
Anureet Singh,430,636,139,18,8.87,23.89
BB Sran,516,767,168,18,8.92,28.67
NT Ellis,365,514,112,18,8.45,20.28
CH Gayle,584,755,180,18,7.76,32.44
IC Pandey,469,609,212,18,7.79,26.06
WPUJC Vaas,288,364,128,18,7.58,16.0
A Ashish Reddy,270,400,79,18,8.89,15.0
CRD Fernando,249,306,99,17,7.37,14.65
BJ Hodge,238,310,75,17,7.82,14.0
Bipul Sharma,436,581,131,17,8.0,25.65
D Wiese,307,447,82,16,8.74,19.19
C Green,462,675,149,16,8.77,28.88
Mukesh Choudhary,298,452,120,16,9.1,18.62
R Rampaul,278,319,130,16,6.88,17.38
LR Shukla,326,458,109,15,8.43,21.73
MJ Santner,370,428,134,15,6.94,24.67
Kartik Tyagi,458,720,148,15,9.43,30.53
YA Abdulla,222,311,88,15,8.41,14.8
Mohammad Nabi,419,527,146,15,7.55,27.93
RG Sharma,349,462,88,15,7.94,23.27
JR Hopes,369,562,105,14,9.14,26.36
KR Sen,255,396,83,14,9.32,18.21
AC Thomas,327,416,126,14,7.63,23.36
DR Sams,389,528,142,14,8.14,27.79
SJ Srivastava,306,444,103,14,8.71,21.86
Vijaykumar Vyshak,243,396,63,13,9.78,18.69
G Coetzee,216,357,71,13,9.92,16.62
RR Powar,443,538,166,13,7.29,34.08
S Lamichhane,211,297,75,13,8.45,16.23
R Sai Kishore,191,259,56,13,8.14,14.69
TK Curran,252,432,57,13,10.29,19.38
CR Brathwaite,266,384,74,13,8.66,20.46
CK Langeveldt,165,199,69,13,7.24,12.69
ST Jayasuriya,301,396,83,13,7.89,23.15
AN Ahmed,362,515,120,12,8.54,30.17
VRV Singh,371,549,114,12,8.88,30.92
Ankit Sharma,375,453,137,12,7.25,31.25
Umar Gul,153,198,51,12,7.76,12.75
R McLaren,372,558,116,12,9.0,31.0
Joginder Sharma,272,421,71,12,9.29,22.67
GD McGrath,329,366,153,12,6.67,27.42
Karanveer Singh,213,323,64,12,9.1,17.75
BA Bhatt,303,408,93,12,8.08,25.25
JL Pattinson,222,321,77,11,8.68,20.18
S Badree,263,329,109,11,7.51,23.91
J Theron,235,311,68,11,7.94,21.36
Pankaj Singh,311,472,111,11,9.11,28.27
SM Pollock,280,307,130,11,6.58,25.45
J Little,236,341,82,11,8.67,21.45
RS Bopara,213,301,61,11,8.48,19.36
Abhishek Sharma,278,396,70,11,8.55,25.27
AB McDonald,188,263,50,11,8.39,17.09
MA Wood,127,192,47,11,9.07,11.55
A Chandila,234,245,103,11,6.28,21.27
CJ Anderson,315,525,79,11,10.0,28.64
TS Mills,218,349,69,11,9.61,19.82
OC McCoy,180,255,49,11,8.5,16.36
LS Livingstone,267,395,71,11,8.88,24.27
DJG Sammy,244,354,72,11,8.7,22.18
K Kartikeya,241,334,69,10,8.32,24.1
B Laughlin,179,284,42,10,9.52,17.9
BCJ Cutting,288,430,77,10,8.96,28.8
N Rana,185,253,58,10,8.21,18.5
Suyash Sharma,264,381,85,10,8.66,26.4
Lalit Yadav,294,430,82,10,8.78,29.4
DJ Hooda,384,535,101,10,8.36,38.4
SC Ganguly,280,370,75,10,7.93,28.0
Kamran Khan,177,248,63,10,8.41,17.7
V Pratap Singh,211,300,71,10,8.53,21.1
KP Appanna,222,291,68,9,7.86,24.67
JEC Franklin,155,225,39,9,8.71,17.22
JDP Oram,244,362,79,9,8.9,27.11
AG Murtaza,269,322,101,9,7.18,29.89
V Shankar,258,344,80,9,8.0,28.67
Shahid Afridi,185,237,57,9,7.69,20.56
MN Samuels,219,285,79,9,7.81,24.33
AM Nayar,239,323,69,9,8.11,26.56
KMA Paul,180,239,52,9,7.97,20.0
SMSM Senanayake,195,211,73,9,6.49,21.67
Simarjeet Singh,193,265,82,9,8.24,21.44
P Parameswaran,159,226,64,9,8.53,17.67
BE Hendricks,157,239,52,9,9.13,17.44
SE Bond,191,225,75,9,7.07,21.22
PVD Chameera,297,442,122,9,8.93,33.0
Rasikh Salam,207,341,56,9,9.88,23.0
IS Sodhi,182,204,64,9,6.73,20.22
KA Jamieson,179,271,69,9,9.08,19.89
KC Cariappa,224,349,61,8,9.35,28.0
N Thushara,172,259,49,8,9.03,21.5
BAW Mendis,248,306,76,8,7.4,31.0
T Thushara,144,164,57,8,6.83,18.0
S Sandeep Warrier,176,257,72,8,8.76,22.0
JD Ryder,241,314,79,8,7.82,30.12
J Yadav,398,447,153,8,6.74,49.75
J Syed Mohammad,196,286,47,8,8.76,24.5
JDS Neesham,222,342,63,8,9.24,27.75
AA Chavan,255,339,100,8,7.98,31.88
I Udana,182,286,45,8,9.43,22.75
Mohammad Asif,199,307,64,8,9.26,24.88
SB Styris,222,278,83,8,7.51,27.75
DJ Hussey,323,485,86,8,9.01,40.38
Anand Rajan,162,206,57,8,7.63,20.25
AM Salvi,156,205,57,7,7.88,22.29
AF Milne,217,339,69,7,9.37,31.0
PC Valthaty,153,207,44,7,8.12,21.86
GC Viljoen,146,229,43,7,9.41,20.86
A Mithun,312,477,90,7,9.17,44.57
Akash Deep,175,324,55,7,11.11,25.0
B Stanlake,150,200,64,7,8.0,21.43
N Burger,105,152,46,7,8.69,15.0
MP Yadav,76,88,39,7,6.95,10.86
P Amarnath,132,241,29,7,10.95,18.86
M Ntini,213,257,99,7,7.24,30.43
Swapnil Singh,165,241,39,7,8.76,23.57
KP Pietersen,180,218,54,7,7.27,25.71
HF Gurney,169,239,50,7,8.49,24.14
KM Asif,143,232,46,7,9.73,20.43
VS Malik,212,268,84,6,7.58,35.33
RR Raje,144,214,39,6,8.92,24.0
JE Taylor,122,167,48,6,8.21,20.33
V Sehwag,138,236,44,6,10.26,23.0
Y Venugopal Rao,222,338,59,6,9.14,37.0
DJ Willey,221,277,79,6,7.52,36.83
DG Nalkande,89,150,22,6,10.11,14.83
Fazalhaq Farooqi,162,229,56,6,8.48,27.0
S Randiv,180,223,60,6,7.43,30.0
Ramandeep Singh,45,64,12,6,8.53,7.5
S Tyagi,220,304,93,6,8.29,36.67
Jaskaran Singh,111,174,39,6,9.41,18.5
S Kaushik,210,304,68,6,8.69,35.0
OF Smith,95,179,35,6,11.31,15.83
B Akhil,193,246,60,6,7.65,32.17
SS Cottrell,131,177,58,6,8.11,21.83
C de Grandhomme,230,323,58,6,8.43,38.33
D Pretorius,166,242,42,6,8.75,27.67
TL Suman,152,198,43,6,7.82,25.33
Arshad Khan,153,282,44,6,11.06,25.5
MG Bracewell,66,95,26,6,8.64,11.0
A Choudhary,108,144,42,5,8.0,21.6
KL Nagarkoti,185,287,50,5,9.31,37.0
RJW Topley,107,182,38,5,10.21,21.4
R Shukla,130,217,38,5,10.02,26.0
PD Collingwood,90,101,24,5,6.73,18.0
KMDN Kulasekara,107,122,45,5,6.84,21.4
K Khejroliya,129,221,32,5,10.28,25.8
O Thomas,63,85,17,5,8.1,12.6
M de Lange,116,171,39,5,8.84,23.2
SB Wagh,108,147,45,5,8.17,21.6
HR Shokeen,213,320,78,5,9.01,42.6
Gurkeerat Singh,82,97,26,5,7.1,16.4
S Dube,117,190,23,5,9.74,23.4
FH Edwards,150,160,70,5,6.4,30.0
S Narwal,113,203,37,5,10.78,22.6
S Ladda,141,225,48,5,9.57,28.2
RV Gomez,97,130,37,5,8.04,19.4
AS Roy,142,191,48,5,8.07,28.4
AP Dole,73,114,20,5,9.37,14.6
Shoaib Ahmed,103,154,33,5,8.97,20.6
Akash Singh,141,227,53,5,9.66,28.2
Shoaib Akhtar,46,54,23,5,7.04,9.2
TM Dilshan,275,368,79,5,8.03,55.0
SH Johnson,99,155,34,4,9.39,24.75
DP Vijaykumar,159,205,63,4,7.74,39.75
Y Nagar,72,125,16,4,10.42,18.0
Yudhvir Singh,74,125,28,4,10.14,18.5
LE Plunkett,154,228,39,4,8.88,38.5
Parvez Rasool,200,273,60,4,8.19,50.0
R Shepherd,133,260,38,4,11.73,33.25
R Parag,181,307,36,4,10.18,45.25
Azmatullah Omarzai,131,194,52,4,8.89,32.75
D du Preez,43,56,18,4,7.81,10.75
WA Mota,75,98,24,4,7.84,18.75
T Stubbs,25,29,9,4,6.96,6.25
Shivam Sharma,114,165,37,4,8.68,28.5
V Kohli,264,371,52,4,8.43,66.0
S Dhawan,49,72,17,4,8.82,12.25
SB Bangar,153,221,55,4,8.67,38.25
DJ Muthuswami,84,108,44,4,7.71,21.0
DAJ Bracewell,25,32,10,3,7.68,8.33
GHS Garton,97,136,31,3,8.41,32.33
Gagandeep Singh,84,142,25,3,10.14,28.0
RS Hangargekar,43,60,14,3,8.37,14.33
SM Harwood,67,74,33,3,6.63,22.33
T Shamsi,120,185,28,3,9.25,40.0
DJ Thornely,44,40,19,3,5.45,14.67
R Ninan,36,65,8,3,10.83,12.0
P Sahu,107,152,24,3,8.52,35.67
Nithish Kumar Reddy,118,208,29,3,10.58,39.33
L Ablish,45,76,10,3,10.13,15.0
JM Kemp,47,58,15,3,7.4,15.67
JW Hastings,61,66,31,3,6.49,20.33
K Santokie,51,91,15,3,10.71,17.0
JJ van der Wath,76,134,29,3,10.58,25.33
RJ Peterson,48,70,21,3,8.75,16.0
R Sathish,144,233,30,3,9.71,48.0
JA Richardson,94,162,30,3,10.34,31.33
AL Menaria,113,144,40,3,7.65,37.67
VR Iyer,84,145,15,3,10.36,28.0
Sikandar Raza,88,146,21,3,9.95,29.33
Arjun Tendulkar,83,117,30,3,8.46,27.67
Shoaib Malik,58,87,15,2,9.0,29.0
D Kalyankrishna,50,88,10,2,10.56,25.0
GD Phillips,31,40,10,2,7.74,15.5
K Yadav,54,85,13,2,9.44,27.0
MA Khote,30,52,5,2,10.4,15.0
P Suyal,107,154,36,2,8.64,53.5
PH Solanki,36,39,11,2,6.5,18.0
Mohammad Hafeez,63,71,22,2,6.76,31.5
MJ Clarke,66,72,22,2,6.55,33.0
MJ Henry,105,183,31,2,10.46,52.5
KA Maharaj,36,39,11,2,6.5,18.0
LJ Wright,75,125,14,2,10.0,37.5
KJ Abbott,102,182,28,2,10.71,51.0
JPR Scantlebury-Searles,45,89,7,2,11.87,22.5
RN ten Doeschate,83,94,22,2,6.8,41.5
SM Boland,43,56,14,2,7.81,21.5
SD Chitnis,38,62,9,2,9.79,19.0
FA Allen,91,136,26,2,8.97,45.5
DNT Zoysa,69,100,24,2,8.7,34.5
Sachin Baby,10,8,5,2,4.8,5.0
C Nanda,50,58,13,2,6.96,25.0
Ankit Soni,112,145,37,2,7.77,56.0
AU Rashid,60,91,20,2,9.1,30.0
Abdul Samad,55,113,11,2,12.33,27.5
TM Head,58,113,9,2,11.69,29.0
V Kaverappa,24,36,11,2,9.0,12.0
AK Markram,123,173,32,2,8.44,61.5
SC Kuggeleijn,50,71,17,2,8.52,25.0
ND Doshi,57,79,24,2,8.32,28.5
A Uniyal,38,67,8,2,10.58,19.0
A Flintoff,66,106,20,2,9.64,33.0
WG Jacks,55,100,11,2,10.91,27.5
Mayank Dagar,138,205,43,2,8.91,69.0
A Badoni,25,37,5,2,8.88,12.5
A Kamboj,68,115,19,2,10.15,34.0
V Viyaskanth,60,90,16,1,9.0,60.0
AJ Hosein,24,41,5,1,10.25,24.0
AJ Finch,44,67,13,1,9.14,44.0
AA Noffke,25,41,6,1,9.84,25.0
AA Jhunjhunwala,88,130,27,1,8.86,88.0
AC Gilchrist,1,0,1,1,0.0,1.0
TP Sudhindra,74,137,18,1,11.11,74.0
AM Rahane,6,5,2,1,5.0,6.0
SSB Magala,37,52,5,1,8.43,37.0
T Henderson,36,41,14,1,6.83,36.0
Shashank Singh,19,25,2,1,7.89,19.0
B Geeves,49,91,15,1,11.14,49.0
SS Mundhe,7,6,4,1,5.14,7.0
SS Sarkar,25,34,4,1,8.16,25.0
SS Agarwal,24,42,7,1,10.5,24.0
BMAJ Mendis,30,36,11,1,7.2,30.0
S Vidyut,13,22,5,1,10.15,13.0
DJ Mitchell,51,97,5,1,11.41,51.0
DB Ravi Teja,18,28,4,1,9.33,18.0
SA Abbott,59,104,13,1,10.58,59.0
CJ McKay,42,60,14,1,8.57,42.0
DJM Short,18,23,7,1,7.67,18.0
D Brevis,3,8,1,1,16.0,3.0
CL White,46,86,8,1,11.22,46.0
D Jansen,28,53,6,1,11.36,28.0
D Salunkhe,51,80,13,1,9.41,51.0
GS Sandhu,48,86,9,1,10.75,48.0
SE Rutherford,46,60,7,1,7.83,46.0
SB Joshi,55,82,18,1,8.95,55.0
IC Porel,26,42,7,1,9.69,26.0
GR Napier,24,28,8,1,7.0,24.0
GH Vihari,43,48,17,1,6.7,43.0
RG More,37,63,4,1,10.22,37.0
LA Carseldine,7,6,4,1,5.14,7.0
P Dubey,67,91,20,1,8.15,67.0
MK Lomror,94,127,22,1,8.11,94.0
LI Meriwala,19,32,6,1,10.11,19.0
LB Williams,42,74,12,1,10.57,42.0
L Wood,38,94,8,1,14.84,38.0
KT Maphaka,39,90,11,1,13.85,39.0
LMP Simmons,18,34,2,1,11.33,18.0
PM Sarvesh Kumar,31,42,11,1,8.13,31.0
R Powell,21,35,4,1,10.0,21.0
RJ Gleeson,51,72,19,1,8.47,51.0
A Nel,18,31,7,1,10.33,18.0
Y Prithvi Raj,33,57,8,1,10.36,33.0
NB Singh,25,18,13,1,4.32,25.0
MK Tiwary,45,83,9,1,11.07,45.0
M Siddharth,58,72,22,1,7.45,58.0
Mashrafe Mortaza,28,59,6,0,12.64,0.0
YBK Jaiswal,1,6,0,0,36.0,0.0
Mandeep Singh,12,26,1,0,13.0,0.0
A Dananjaya,25,47,6,0,11.28,0.0
Y Gnaneswara Rao,6,7,3,0,7.0,0.0
MW Short,25,25,11,0,6.0,0.0
MG Neser,25,62,5,0,14.88,0.0
MJ Suthar,12,26,4,0,13.0,0.0
Mohit Rathee,12,29,3,0,14.5,0.0
MB Parmar,19,33,4,0,10.42,0.0
Monu Kumar,16,20,4,0,7.5,0.0
NA Saini,15,35,2,0,14.0,0.0
N Wadhera,12,13,2,0,6.5,0.0
NJ Rimmington,18,20,9,0,6.67,0.0
NL McCullum,30,35,10,0,7.0,0.0
RA Shaikh,6,11,1,0,11.0,0.0
RA Tripathi,6,12,0,0,12.0,0.0
K Goel,67,94,19,0,8.42,0.0
JE Root,12,15,1,0,7.5,0.0
Jalaj S Saxena,18,27,5,0,9.0,0.0
R Goyal,24,34,6,0,8.5,0.0
R Sanjay Yadav,14,23,6,0,9.86,0.0
R Ravindra,12,7,5,0,3.5,0.0
KAJ Roach,52,80,20,0,9.23,0.0
K Upadhyay,56,81,20,0,8.68,0.0
LPC Silva,6,21,0,0,21.0,0.0
LRPL Taylor,13,24,0,0,11.08,0.0
KR Mayers,46,59,14,0,7.7,0.0
KS Williamson,18,31,2,0,10.33,0.0
P Prasanth,6,18,3,0,18.0,0.0
P Ray Barman,24,56,2,0,14.0,0.0
M Vijay,37,49,8,0,7.95,0.0
M Shahrukh Khan,12,16,3,0,8.0,0.0
M Manhas,42,42,15,0,6.0,0.0
Naman Dhir,29,55,3,0,11.38,0.0
RR Bose,12,24,5,0,12.0,0.0
I Malhotra,6,23,0,0,23.0,0.0
RV Patel,20,22,5,0,6.6,0.0
RS Gavaskar,6,8,2,0,8.0,0.0
Gulbadin Naib,6,12,1,0,12.0,0.0
RR Bhatkal,12,35,0,0,17.5,0.0
Gurnoor Brar,21,42,7,0,12.0,0.0
H Sharma,30,62,2,0,12.4,0.0
S Joseph,30,51,9,0,10.2,0.0
S Midhun,13,29,3,0,13.38,0.0
S Rana,16,18,5,0,6.75,0.0
F du Plessis,6,16,0,0,16.0,0.0
SR Tendulkar,37,59,4,0,9.57,0.0
CK Kapugedera,17,49,0,0,17.29,0.0
SN Khan,2,6,0,0,18.0,0.0
SPD Smith,2,5,0,0,15.0,0.0
SA Yadav,6,8,2,0,8.0,0.0
FY Fazal,12,20,1,0,10.0,0.0
DA Warner,2,2,0,0,6.0,0.0
DJ Harris,18,26,4,0,8.67,0.0
S Sriram,18,49,2,0,16.33,0.0
RW Price,18,33,1,0,11.0,0.0
C Munro,12,15,5,0,7.5,0.0
C Ganapathy,6,13,1,0,13.0,0.0
BJ Rohrer,7,12,1,0,10.29,0.0
CJ Green,17,24,6,0,8.47,0.0
SS Iyer,6,7,4,0,7.0,0.0
SZ Mulani,33,57,7,0,10.36,0.0
Aman Hakim Khan,6,13,1,0,13.0,0.0
Abdur Razzak,14,29,5,0,12.43,0.0
Sunny Gupta,19,47,0,0,14.84,0.0
Sumit Kumar,22,38,4,0,10.36,0.0
B Chipli,6,20,1,0,20.0,0.0
CJ Dala,19,34,7,0,10.74,0.0
Arshad Khan (2),13,25,4,0,11.54,0.0
Tejas Baroka,21,33,6,0,9.43,0.0
AS Raut,30,45,6,0,9.0,0.0
Tilak Varma,23,28,8,0,7.3,0.0
Atharva Taide,1,4,0,0,24.0,0.0
AUK Pathan,41,63,9,0,9.22,0.0
AC Voges,56,76,15,0,8.14,0.0
AA Kazi,13,21,2,0,9.69,0.0
VS Yeligati,32,61,6,0,11.44,0.0
Vivrant Sharma,21,37,5,0,10.57,0.0
